Transaction_ID,Date,Customer_Name,Category,Amount,Payment_Mode,Location
T100253,2024-01-01,Kavita More,Entertainment,448.46,UPI,Delhi
T100403,2024-01-01,Rahul Singh,Food,854.73,Cash,Mumbai
T100687,2024-01-01,Pooja Deshmukh,Entertainment,760.09,UPI,Pune
T100223,2024-01-01,Neha Patil,Healthcare,1159.24,Card,Nagpur
T100968,2024-01-02,Priya Joshi,Education,908.2,UPI,Nashik
T100804,2024-01-02,Suresh Naik,Healthcare,925.87,Card,Nashik
T100295,2024-01-03,Amit Sharma,Bills,1410.49,UPI,Bangalore
T100905,2024-01-03,Kavita More,Bills,1588.7,UPI,Nagpur
T100608,2024-01-04,Pooja Deshmukh,Travel,871.08,UPI,Pune
T100515,2024-01-04,Priya Joshi,Healthcare,1242.84,Card,Hyderabad
T100622,2024-01-05,Amit Sharma,Shopping,1476.15,UPI,Nashik
T100925,2024-01-06,Suresh Naik,Shopping,1165.68,UPI,Nashik
T100138,2024-01-06,Pooja Deshmukh,Travel,30000.0,Card,Bangalore
T100298,2024-01-06,Rohit Verma,Bills,123.33,Cash,Hyderabad
T100969,2024-01-06,Rahul Singh,Travel,1719.19,Card,Nashik
T100186,2024-01-07,Rahul Singh,Entertainment,214.95,Card,Nashik
T100612,2024-01-07,Priya Joshi,Bills,1285.92,Card,Nashik
T100951,2024-01-07,Rohit Verma,Bills,579.12,Cash,Delhi
T100913,2024-01-07,Kavita More,Healthcare,646.85,UPI,Delhi
T100890,2024-01-08,Neha Patil,Healthcare,898.01,Card,Hyderabad
T100260,2024-01-08,Neha Patil,Entertainment,1503.36,Card,Bangalore
T100143,2024-01-08,Ankit Jain,Food,1494.28,Card,Nagpur
T100556,2024-01-08,Amit Sharma,Travel,882.32,UPI,Mumbai
T100479,2024-01-09,Suresh Naik,Education,1441.34,Card,Nagpur
T100851,2024-01-12,Sneha Kulkarni,Education,2062.35,Card,Pune
T100914,2024-01-12,Suresh Naik,Travel,787.74,Cash,Delhi
T100059,2024-01-12,unknown,Travel,2021.34,Card,Nashik
T100686,2024-01-13,Pooja Deshmukh,Entertainment,1481.44,Cash,Delhi
T100658,2024-01-13,unknown,Entertainment,1324.65,UPI,Hyderabad
T100512,2024-01-13,Ankit Jain,Healthcare,1363.91,UPI,Hyderabad
T100434,2024-01-13,Priya Joshi,Education,897.07,Cash,Pune
T100680,2024-01-14,Neha Patil,Travel,1705.73,Cash,Nagpur
T100774,2024-01-15,Amit Sharma,Travel,1060.56,Cash,Nagpur
T100631,2024-01-15,Rahul Singh,Entertainment,417.6,Card,Delhi
T100415,2024-01-15,Rahul Singh,Travel,1571.34,Cash,Nagpur
T100322,2024-01-16,Neha Patil,Bills,641.74,Cash,Nashik
T100838,2024-01-16,Sneha Kulkarni,Food,173.75,unknown,Mumbai
T100911,2024-01-17,Kavita More,Healthcare,1081.72,UPI,Delhi
T100543,2024-01-19,Priya Joshi,Entertainment,1168.24,UPI,Hyderabad
T100550,2024-01-19,unknown,Bills,896.65,Cash,Delhi
T100538,2024-01-19,unknown,Food,1748.23,Cash,Nagpur
T100141,2024-01-19,Ankit Jain,Travel,1066.67,Cash,Mumbai
T100191,2024-01-19,Ankit Jain,unknown,723.03,UPI,Nashik
T100617,2024-01-19,Neha Patil,Entertainment,725.83,Card,Nagpur
T100562,2024-01-19,Rohit Verma,Bills,1648.53,Cash,Bangalore
T100764,2024-01-19,Priya Joshi,Bills,1141.62,UPI,Delhi
T100022,2024-01-20,Priya Joshi,Healthcare,1911.37,UPI,Bangalore
T100935,2024-01-21,Amit Sharma,Healthcare,1836.18,Cash,Nagpur
T100655,2024-01-22,Rahul Singh,Shopping,1745.49,UPI,Nashik
T100638,2024-01-22,Ankit Jain,Education,1367.53,Cash,Pune
T100311,2024-01-22,Neha Patil,Education,1271.69,Card,Hyderabad
T100306,2024-01-22,Sneha Kulkarni,Bills,1541.78,unknown,Nagpur
T100627,2024-01-22,Rohit Verma,Entertainment,930.58,UPI,Nashik
T100882,2024-01-22,Neha Patil,Travel,20000.0,Card,Delhi
T100535,2024-01-22,Neha Patil,Travel,1394.58,unknown,Mumbai
T100127,2024-01-23,Rahul Singh,Healthcare,1275.88,Card,Mumbai
T100977,2024-01-23,Kavita More,Shopping,1776.95,Cash,unknown
T100247,2024-01-23,Kavita More,Travel,795.87,UPI,Pune
T100906,2024-01-23,Suresh Naik,Education,1433.34,Card,Nagpur
T100702,2024-01-23,Neha Patil,Healthcare,1393.16,Card,Delhi
T100987,2024-01-24,Rahul Singh,Shopping,708.85,UPI,Hyderabad
T100956,2024-01-25,Sneha Kulkarni,Bills,993.2,Cash,Mumbai
T100606,2024-01-25,Priya Joshi,Entertainment,1455.4,UPI,Nashik
T100768,2024-01-26,Kavita More,Bills,2116.28,UPI,Bangalore
T100623,2024-01-26,Suresh Naik,Food,1512.82,UPI,unknown
T100843,2024-01-26,Rohit Verma,Bills,1391.49,UPI,Nagpur
T100159,2024-01-26,Kavita More,Food,1436.2,UPI,Hyderabad
T100215,2024-01-26,Amit Sharma,Shopping,1402.15,Card,Pune
T100046,2024-01-26,Neha Patil,Travel,1511.1,Cash,Bangalore
T100439,2024-01-26,Kavita More,Healthcare,1629.79,UPI,Mumbai
T100320,2024-01-26,Pooja Deshmukh,Shopping,932.1,Cash,Nagpur
T100892,2024-01-27,Amit Sharma,Healthcare,380.26,Card,Nashik
T100199,2024-01-27,Pooja Deshmukh,Bills,1252.18,UPI,Nashik
T100761,2024-01-28,Amit Sharma,Bills,783.47,Cash,Hyderabad
T100551,2024-01-28,Rohit Verma,Shopping,1305.64,UPI,Pune
T100381,2024-01-28,Kavita More,unknown,1168.9,Cash,Mumbai
T100988,2024-01-28,Sneha Kulkarni,Travel,1229.49,Card,Hyderabad
T100598,2024-01-28,Amit Sharma,Travel,655.18,Card,Nagpur
T100115,2024-01-29,Rahul Singh,Bills,1323.25,Card,Nashik
T100929,2024-01-29,Ankit Jain,Food,1252.88,Card,Delhi
T100396,2024-01-29,Neha Patil,Healthcare,553.87,Card,Nashik
T100939,2024-01-30,Ankit Jain,Education,719.98,UPI,Hyderabad
T100440,2024-01-30,Ankit Jain,Food,1006.43,Card,Mumbai
T100740,2024-01-31,Sneha Kulkarni,Education,815.0,Card,Mumbai
T100305,2024-01-31,Amit Sharma,Food,1508.5,Card,Pune
T100526,2024-02-01,Ankit Jain,Entertainment,1050.16,Cash,Hyderabad
T100581,2024-02-01,Kavita More,Bills,1548.95,Card,Pune
T100593,2024-02-01,Rohit Verma,Shopping,1398.96,Card,Delhi
T100082,2024-02-01,Kavita More,Healthcare,1557.69,Cash,Nashik
T100278,2024-02-01,Pooja Deshmukh,Food,1197.2,Card,Nagpur
T100823,2024-02-02,Pooja Deshmukh,Entertainment,1814.49,Cash,Nagpur
T100888,2024-02-02,Neha Patil,Bills,1638.02,Cash,Nashik
T100269,2024-02-02,Rahul Singh,Entertainment,1410.79,Cash,Hyderabad
T100683,2024-02-02,Priya Joshi,Shopping,957.35,Card,Delhi
T100391,2024-02-02,Rahul Singh,Education,1613.02,Card,Hyderabad
T100382,2024-02-02,Rohit Verma,Shopping,15000.0,Card,Pune
T100750,2024-02-02,Rahul Singh,Bills,1486.56,Card,Nagpur
T100436,2024-02-03,Kavita More,Food,2196.26,UPI,Nagpur
T100896,2024-02-03,Suresh Naik,Food,1520.24,Card,Hyderabad
T100667,2024-02-03,Rahul Singh,Food,500.35,Cash,Nagpur
T100588,2024-02-04,Pooja Deshmukh,Food,2049.98,Cash,Mumbai
T100831,2024-02-04,Amit Sharma,Travel,866.11,UPI,Hyderabad
T100294,2024-02-05,Amit Sharma,Food,1549.41,Card,Mumbai
T100296,2024-02-05,Rahul Singh,Entertainment,1446.01,unknown,Pune
T100602,2024-02-05,Pooja Deshmukh,Shopping,1207.81,Cash,Delhi
T100364,2024-02-06,Rahul Singh,Travel,1609.39,UPI,Pune
T100128,2024-02-06,Ankit Jain,Healthcare,782.43,UPI,Nashik
T100509,2024-02-06,Suresh Naik,Entertainment,1467.31,Card,Mumbai
T100347,2024-02-07,Ankit Jain,Travel,874.99,Cash,Pune
T100788,2024-02-08,Ankit Jain,Entertainment,1078.31,Cash,Mumbai
T100748,2024-02-08,Rohit Verma,Shopping,1184.28,Cash,Nagpur
T100313,2024-02-08,Priya Joshi,Healthcare,1404.33,Card,Hyderabad
T100378,2024-02-09,Priya Joshi,Healthcare,434.45,UPI,Mumbai
T100751,2024-02-09,Neha Patil,Bills,307.07,UPI,Delhi
T100217,2024-02-09,Ankit Jain,Shopping,664.47,Card,Mumbai
T100978,2024-02-09,Kavita More,Shopping,265.13,Cash,Bangalore
T100722,2024-02-09,Amit Sharma,Education,941.79,UPI,Nagpur
T100076,2024-02-10,Suresh Naik,Entertainment,1190.37,UPI,Mumbai
T100134,2024-02-10,Neha Patil,Education,1104.98,Card,Delhi
T100999,2024-02-11,Suresh Naik,Entertainment,175.03,UPI,Mumbai
T100183,2024-02-11,Amit Sharma,Education,1703.76,Cash,Bangalore
T100469,2024-02-11,Suresh Naik,Entertainment,1363.94,Card,Bangalore
T100865,2024-02-11,Pooja Deshmukh,Entertainment,1379.23,UPI,Nagpur
T100487,2024-02-12,Rohit Verma,Healthcare,740.66,UPI,Nagpur
T100348,2024-02-12,Neha Patil,Entertainment,1158.28,Card,Mumbai
T100819,2024-02-13,Rohit Verma,Education,1046.1,Card,Bangalore
T100026,2024-02-13,Priya Joshi,Healthcare,1244.33,UPI,Bangalore
T100230,2024-02-13,Sneha Kulkarni,Food,1539.69,Card,Delhi
T100043,2024-02-14,Suresh Naik,Food,1926.23,Cash,Bangalore
T100705,2024-02-14,Neha Patil,Travel,1986.51,Cash,Bangalore
T100005,2024-02-14,unknown,Shopping,766.43,UPI,Nashik
T100817,2024-02-14,Kavita More,Food,1540.68,Cash,Nagpur
T100874,2024-02-15,Amit Sharma,Healthcare,840.58,Card,Mumbai
T100609,2024-02-15,Kavita More,Entertainment,1627.26,Card,Nagpur
T100614,2024-02-15,Priya Joshi,Bills,612.2,UPI,Mumbai
T100897,2024-02-15,Kavita More,Travel,15000.0,UPI,Mumbai
T100374,2024-02-16,Ankit Jain,Food,1723.66,UPI,Delhi
T100477,2024-02-16,Suresh Naik,Food,1043.24,UPI,Delhi
T100697,2024-02-16,Rahul Singh,Healthcare,1479.07,Card,Pune
T100345,2024-02-17,Kavita More,Bills,735.24,UPI,Nashik
T100870,2024-02-17,Sneha Kulkarni,Travel,1112.22,Cash,Nagpur
T100030,2024-02-18,Suresh Naik,Healthcare,1507.89,UPI,Mumbai
T100254,2024-02-18,Sneha Kulkarni,Travel,1725.97,Card,Nagpur
T100501,2024-02-18,Amit Sharma,Food,917.61,Cash,Delhi
T100656,2024-02-18,Ankit Jain,Travel,2206.14,Cash,Bangalore
T100450,2024-02-19,Rahul Singh,Bills,1060.52,Card,Delhi
T100786,2024-02-19,Ankit Jain,Food,1981.44,Cash,Mumbai
T100666,2024-02-19,unknown,Food,1449.93,Cash,Nagpur
T100633,2024-02-20,Neha Patil,Shopping,1068.28,Card,Mumbai
T100709,2024-02-20,Sneha Kulkarni,Entertainment,974.17,Cash,Bangalore
T100694,2024-02-20,Amit Sharma,Bills,1407.43,Cash,Hyderabad
T100560,2024-02-21,Sneha Kulkarni,Healthcare,897.63,Cash,Nagpur
T100924,2024-02-21,Priya Joshi,Healthcare,20000.0,UPI,Bangalore
T100859,2024-02-21,Suresh Naik,unknown,1575.29,Cash,Pune
T100416,2024-02-21,Priya Joshi,Bills,1441.12,Cash,Bangalore
T100249,2024-02-21,Amit Sharma,Entertainment,20000.0,Cash,Hyderabad
T100011,2024-02-22,Kavita More,Travel,1637.19,Card,Hyderabad
T100007,2024-02-23,Ankit Jain,Shopping,1048.14,Card,Pune
T100732,2024-02-23,Rohit Verma,Entertainment,1169.12,UPI,Hyderabad
T100945,2024-02-24,Ankit Jain,Healthcare,1501.06,UPI,Hyderabad
T100307,2024-02-25,Rahul Singh,Education,517.02,UPI,Mumbai
T100570,2024-02-25,Neha Patil,Shopping,832.91,Cash,Pune
T100721,2024-02-25,Kavita More,Healthcare,1427.37,Card,Hyderabad
T100000,2024-02-25,Ankit Jain,Food,1200.1,unknown,Delhi
T100053,2024-02-25,Neha Patil,unknown,1608.94,UPI,Mumbai
T100919,2024-02-26,Rahul Singh,Shopping,1070.57,Card,Mumbai
T100424,2024-02-26,Priya Joshi,Shopping,1736.49,Card,Hyderabad
T100180,2024-02-26,Ankit Jain,Travel,1909.8,Cash,Nashik
T100963,2024-02-26,Ankit Jain,Education,964.44,Cash,Bangalore
T100825,2024-02-26,Priya Joshi,Bills,1429.19,Card,Hyderabad
T100510,2024-02-27,Rohit Verma,Bills,117.87,UPI,Nagpur
T100025,2024-02-27,Amit Sharma,Food,1818.07,Cash,Pune
T100524,2024-02-27,Ankit Jain,Bills,1219.12,Cash,Bangalore
T100921,2024-02-28,Priya Joshi,Healthcare,914.82,Cash,Pune
T100447,2024-02-28,Amit Sharma,Healthcare,1921.82,Card,Delhi
T100207,2024-02-29,Rohit Verma,Shopping,1193.96,Card,Delhi
T100300,2024-02-29,Rahul Singh,Entertainment,960.58,Card,Mumbai
T100669,2024-02-29,Priya Joshi,Education,149.99,Cash,Nashik
T100446,2024-03-01,Rohit Verma,Shopping,953.44,Cash,Nagpur
T100323,2024-03-01,Priya Joshi,Shopping,1817.91,Card,Bangalore
T100004,2024-03-02,Ankit Jain,Shopping,1612.55,Cash,Delhi
T100392,2024-03-02,Amit Sharma,Food,981.62,UPI,Hyderabad
T100218,2024-03-02,Neha Patil,Travel,1540.11,UPI,Hyderabad
T100757,2024-03-03,Rahul Singh,Entertainment,697.97,Cash,Mumbai
T100341,2024-03-03,Suresh Naik,Bills,737.88,UPI,Bangalore
T100575,2024-03-03,Ankit Jain,Food,1594.53,Card,Nagpur
T100727,2024-03-04,Rahul Singh,Education,425.69,Cash,Nagpur
T100958,2024-03-05,Sneha Kulkarni,Entertainment,1478.28,UPI,Bangalore
T100275,2024-03-05,Amit Sharma,Travel,1589.47,Cash,Nagpur
T100039,2024-03-06,Sneha Kulkarni,Bills,589.64,UPI,Pune
T100065,2024-03-06,Priya Joshi,Food,1118.6,UPI,Hyderabad
T100567,2024-03-06,Rohit Verma,Education,1196.74,Cash,Bangalore
T100092,2024-03-07,Rahul Singh,Food,580.45,Card,Nagpur
T100613,2024-03-07,Sneha Kulkarni,Travel,1476.63,Cash,Hyderabad
T100580,2024-03-08,Suresh Naik,Food,1901.68,UPI,Hyderabad
T100246,2024-03-08,Amit Sharma,Entertainment,1242.66,UPI,unknown
T100116,2024-03-09,Priya Joshi,Travel,1449.11,Cash,unknown
T100808,2024-03-09,Sneha Kulkarni,Healthcare,1808.98,UPI,Bangalore
T100820,2024-03-09,Priya Joshi,Healthcare,780.71,Cash,Nagpur
T100299,2024-03-09,Suresh Naik,Travel,1748.58,Card,Bangalore
T100704,2024-03-10,Neha Patil,Bills,2077.74,UPI,Hyderabad
T100069,2024-03-11,Suresh Naik,Bills,943.39,Cash,Bangalore
T100078,2024-03-12,Amit Sharma,Food,1211.23,UPI,Pune
T100325,2024-03-12,Priya Joshi,Food,925.86,Cash,Delhi
T100224,2024-03-12,Ankit Jain,Bills,1373.84,UPI,Bangalore
T100992,2024-03-13,Pooja Deshmukh,Healthcare,718.63,Card,Pune
T100179,2024-03-13,Pooja Deshmukh,Education,1860.65,UPI,Mumbai
T100928,2024-03-13,Kavita More,Entertainment,1655.68,UPI,Pune
T100672,2024-03-13,Rahul Singh,Entertainment,903.82,UPI,Bangalore
T100124,2024-03-13,Amit Sharma,Shopping,1693.67,unknown,Pune
T100744,2024-03-14,Rohit Verma,Shopping,1497.51,Cash,Nagpur
T100461,2024-03-14,Amit Sharma,Education,1822.34,UPI,unknown
T100619,2024-03-14,Suresh Naik,Food,516.43,UPI,Nagpur
T100842,2024-03-14,Ankit Jain,Food,1007.49,Cash,Nagpur
T100793,2024-03-14,Rohit Verma,Travel,1120.48,Card,Mumbai
T100089,2024-03-15,Rohit Verma,Food,913.2,UPI,Nashik
T100523,2024-03-15,Rahul Singh,Shopping,1082.69,Card,Nashik
T100425,2024-03-15,Priya Joshi,Entertainment,2381.94,Card,Bangalore
T100266,2024-03-15,Amit Sharma,Entertainment,1315.04,UPI,Nagpur
T100309,2024-03-16,Amit Sharma,Healthcare,1330.63,Cash,Nashik
T100175,2024-03-16,Amit Sharma,Healthcare,876.23,Card,Nagpur
T100513,2024-03-17,Sneha Kulkarni,Education,1662.14,UPI,Bangalore
T100235,2024-03-17,Rahul Singh,Food,861.22,UPI,Hyderabad
T100344,2024-03-17,unknown,Education,276.91,Cash,Nagpur
T100505,2024-03-17,Pooja Deshmukh,Bills,260.04,UPI,Hyderabad
T100383,2024-03-18,Priya Joshi,Education,1032.96,UPI,Mumbai
T100938,2024-03-18,Amit Sharma,Entertainment,372.56,Card,Bangalore
T100681,2024-03-18,unknown,Education,1870.74,UPI,Delhi
T100337,2024-03-18,Suresh Naik,Food,1175.67,UPI,Nagpur
T100021,2024-03-19,Amit Sharma,Food,1132.86,Card,Hyderabad
T100372,2024-03-19,Sneha Kulkarni,Education,1395.35,Cash,Nashik
T100855,2024-03-19,Amit Sharma,Shopping,987.88,Cash,Nagpur
T100121,2024-03-19,Priya Joshi,Travel,571.21,UPI,Delhi
T100544,2024-03-19,Suresh Naik,Entertainment,1818.72,Cash,Delhi
T100916,2024-03-20,Rohit Verma,Bills,935.51,Cash,Nagpur
T100042,2024-03-21,Priya Joshi,Education,973.38,Cash,Hyderabad
T100359,2024-03-21,Amit Sharma,Bills,1870.23,Card,Bangalore
T100212,2024-03-21,Ankit Jain,Food,102.11,UPI,Nagpur
T100279,2024-03-21,Ankit Jain,Entertainment,1534.37,UPI,Pune
T100080,2024-03-21,Ankit Jain,Education,609.59,UPI,Bangalore
T100713,2024-03-22,Kavita More,Bills,1511.36,UPI,Mumbai
T100267,2024-03-22,Sneha Kulkarni,Travel,1448.87,Card,Nashik
T100437,2024-03-22,Rahul Singh,Shopping,816.67,Card,Nashik
T100036,2024-03-23,Suresh Naik,Education,478.07,UPI,Mumbai
T100014,2024-03-23,Pooja Deshmukh,Education,1625.45,Cash,Delhi
T100336,2024-03-23,Neha Patil,Food,1371.89,Card,Delhi
T100555,2024-03-23,Sneha Kulkarni,Bills,1509.86,Cash,Bangalore
T100221,2024-03-23,Suresh Naik,Food,1359.83,UPI,Delhi
T100777,2024-03-23,Kavita More,Food,497.41,Cash,Hyderabad
T100003,2024-03-23,Rahul Singh,Bills,1277.6,UPI,Pune
T100293,2024-03-23,Rohit Verma,Bills,869.84,UPI,Mumbai
T100533,2024-03-24,Rohit Verma,Travel,2079.31,Card,Nashik
T100192,2024-03-25,Kavita More,Shopping,996.48,unknown,Nashik
T100662,2024-03-25,Rohit Verma,Travel,1024.29,Cash,Pune
T100023,2024-03-25,Pooja Deshmukh,Bills,1663.11,Cash,Mumbai
T100132,2024-03-26,Rohit Verma,Food,2211.8,Cash,Nashik
T100435,2024-03-26,Amit Sharma,Education,2059.69,Card,Nagpur
T100243,2024-03-27,Kavita More,Travel,1911.18,Cash,Hyderabad
T100241,2024-03-27,Rohit Verma,Healthcare,1074.23,Cash,Mumbai
T100486,2024-03-27,Amit Sharma,Entertainment,1477.76,Card,Bangalore
T100438,2024-03-28,Sneha Kulkarni,Entertainment,925.22,UPI,Pune
T100635,2024-03-28,Kavita More,Bills,1048.98,Cash,Nashik
T100107,2024-03-28,Kavita More,Bills,1315.35,Cash,Hyderabad
T100153,2024-03-28,Kavita More,Bills,1443.94,Card,Delhi
T100090,2024-03-28,Rohit Verma,Shopping,1250.93,UPI,Hyderabad
T100491,2024-03-28,Ankit Jain,Travel,1659.23,Card,unknown
T100168,2024-03-29,Ankit Jain,Bills,964.98,Cash,Mumbai
T100967,2024-03-29,Neha Patil,Entertainment,501.44,UPI,Bangalore
T100724,2024-03-29,Amit Sharma,Bills,1097.07,Card,Pune
T100582,2024-03-30,Amit Sharma,Food,978.48,Card,Delhi
T100169,2024-03-30,unknown,Healthcare,1332.94,Card,Nashik
T100846,2024-03-30,Rahul Singh,Food,1584.1,UPI,Hyderabad
T100044,2024-03-30,Priya Joshi,Entertainment,1363.37,Cash,Nashik
T100068,2024-03-30,Ankit Jain,Shopping,1570.41,Cash,Nashik
T100620,2024-03-31,Sneha Kulkarni,Healthcare,1624.09,Card,Mumbai
T100002,2024-04-01,Kavita More,Shopping,1036.05,Card,Mumbai
T100202,2024-04-02,Suresh Naik,Travel,1105.44,Cash,Delhi
T100460,2024-04-02,Ankit Jain,Bills,2674.55,Cash,Mumbai
T100256,2024-04-02,Suresh Naik,Food,1008.01,UPI,Delhi
T100404,2024-04-03,Pooja Deshmukh,Bills,741.9,UPI,Delhi
T100071,2024-04-03,Rahul Singh,Healthcare,702.83,Cash,Delhi
T100850,2024-04-03,Neha Patil,Healthcare,157.94,Card,Hyderabad
T100585,2024-04-03,Pooja Deshmukh,Travel,1431.59,Card,Mumbai
T100889,2024-04-05,Kavita More,Bills,1936.34,Cash,Mumbai
T100407,2024-04-05,Priya Joshi,Education,842.12,Card,Hyderabad
T100054,2024-04-05,Kavita More,Shopping,1388.2,UPI,Hyderabad
T100841,2024-04-05,Suresh Naik,Healthcare,1894.17,Cash,Bangalore
T100067,2024-04-06,Kavita More,Bills,698.91,UPI,Nashik
T100498,2024-04-06,Suresh Naik,Education,2413.36,Card,Delhi
T100840,2024-04-07,Ankit Jain,Shopping,936.88,UPI,Hyderabad
T100639,2024-04-07,Kavita More,Entertainment,1358.08,Card,Nashik
T100546,2024-04-07,Priya Joshi,Education,1178.59,UPI,Pune
T100448,2024-04-07,Amit Sharma,Travel,571.75,Cash,Nashik
T100194,2024-04-07,Pooja Deshmukh,Travel,1252.95,Cash,unknown
T100118,2024-04-08,Ankit Jain,Healthcare,1990.27,UPI,Pune
T100019,2024-04-08,Neha Patil,Entertainment,908.62,UPI,Nagpur
T100499,2024-04-08,Rohit Verma,Food,1416.48,UPI,Delhi
T100248,2024-04-08,Sneha Kulkarni,Education,784.78,Card,Mumbai
T100743,2024-04-09,Rohit Verma,Bills,1290.71,Cash,Delhi
T100772,2024-04-10,Amit Sharma,Healthcare,1396.9,Card,Delhi
T100904,2024-04-10,Rahul Singh,Education,1803.0,Cash,Bangalore
T100453,2024-04-11,Amit Sharma,Healthcare,1370.03,Cash,Mumbai
T100674,2024-04-11,Amit Sharma,Healthcare,2177.08,Card,unknown
T100615,2024-04-12,Kavita More,Travel,752.47,UPI,Hyderabad
T100272,2024-04-13,Kavita More,Education,920.85,Cash,Mumbai
T100079,2024-04-14,Suresh Naik,Entertainment,1473.56,Card,Mumbai
T100093,2024-04-14,Priya Joshi,Shopping,466.24,Card,Pune
T100058,2024-04-14,Pooja Deshmukh,Healthcare,605.29,UPI,Hyderabad
T100229,2024-04-14,Suresh Naik,Bills,657.09,Card,Nashik
T100088,2024-04-15,Kavita More,Education,1022.98,UPI,Hyderabad
T100592,2024-04-15,Rohit Verma,Travel,683.74,UPI,Nashik
T100038,2024-04-15,Neha Patil,Education,924.73,Cash,unknown
T100492,2024-04-15,Kavita More,Healthcare,577.14,UPI,Delhi
T100233,2024-04-16,Amit Sharma,Travel,1431.3,Cash,Nagpur
T100991,2024-04-16,Pooja Deshmukh,Shopping,1285.23,Cash,Pune
T100367,2024-04-16,Rahul Singh,Food,741.25,UPI,Delhi
T100894,2024-04-16,Suresh Naik,Education,1698.29,Cash,Pune
T100402,2024-04-17,Ankit Jain,Education,808.12,Cash,Nashik
T100640,2024-04-18,Amit Sharma,Bills,1434.63,UPI,Pune
T100111,2024-04-18,Rohit Verma,Food,1041.14,Cash,Bangalore
T100455,2024-04-18,Priya Joshi,Education,1684.09,Cash,Mumbai
T100976,2024-04-19,Sneha Kulkarni,Healthcare,994.29,Card,Delhi
T100274,2024-04-20,Rohit Verma,Bills,1419.75,Cash,Nagpur
T100521,2024-04-20,Rahul Singh,Education,1525.57,Cash,Pune
T100508,2024-04-20,Sneha Kulkarni,Entertainment,765.85,UPI,Delhi
T100943,2024-04-20,Kavita More,Shopping,2405.84,Cash,Hyderabad
T100637,2024-04-21,Rahul Singh,Shopping,1565.94,Card,Delhi
T100431,2024-04-21,Priya Joshi,Education,1926.63,UPI,Delhi
T100926,2024-04-21,Neha Patil,Education,515.84,UPI,Pune
T100409,2024-04-21,Rahul Singh,Travel,1943.62,UPI,Nashik
T100607,2024-04-21,Kavita More,Food,1715.29,Cash,Nashik
T100909,2024-04-22,Rohit Verma,Shopping,2073.68,UPI,Nashik
T100829,2024-04-23,Rahul Singh,Travel,745.16,UPI,Delhi
T100668,2024-04-23,Priya Joshi,Food,1383.82,Cash,Delhi
T100695,2024-04-23,Ankit Jain,Food,1431.64,Card,Bangalore
T100826,2024-04-24,Neha Patil,Entertainment,156.49,Card,Hyderabad
T100531,2024-04-25,Priya Joshi,Entertainment,1698.43,Card,Hyderabad
T100586,2024-04-26,Priya Joshi,Food,1298.65,Cash,Hyderabad
T100652,2024-04-26,Suresh Naik,Education,1511.03,Cash,Delhi
T100516,2024-04-26,Rahul Singh,Bills,737.29,Card,unknown
T100649,2024-04-26,Amit Sharma,Bills,1915.68,UPI,Mumbai
T100811,2024-04-27,Suresh Naik,Healthcare,1084.74,UPI,Nagpur
T100346,2024-04-28,Rohit Verma,Bills,451.74,Card,Nashik
T100714,2024-04-28,Ankit Jain,Shopping,1514.76,UPI,Mumbai
T100291,2024-04-28,Rohit Verma,Shopping,1224.89,Card,Nagpur
T100387,2024-04-28,Priya Joshi,Entertainment,1112.82,Card,Nashik
T100339,2024-04-29,Priya Joshi,Food,820.75,UPI,Nagpur
T100541,2024-04-29,Ankit Jain,Bills,1098.51,Cash,Hyderabad
T100261,2024-04-30,Neha Patil,Food,1108.4,Card,Nashik
T100572,2024-04-30,Sneha Kulkarni,Entertainment,1428.64,UPI,Mumbai
T100965,2024-04-30,Sneha Kulkarni,Food,1862.9,Card,Pune
T100206,2024-05-02,Sneha Kulkarni,Shopping,474.41,Cash,Mumbai
T100782,2024-05-02,Neha Patil,Shopping,1675.72,Card,Nagpur
T100472,2024-05-02,unknown,Shopping,1085.1,Cash,Mumbai
T100103,2024-05-02,Ankit Jain,Healthcare,378.41,UPI,Mumbai
T100095,2024-05-03,unknown,Healthcare,1225.44,Card,Nagpur
T100149,2024-05-03,Suresh Naik,Entertainment,869.01,UPI,Hyderabad
T100542,2024-05-04,Kavita More,Healthcare,799.98,Cash,Pune
T100290,2024-05-05,Rahul Singh,Travel,1450.33,Cash,Bangalore
T100264,2024-05-05,Suresh Naik,Shopping,1039.67,UPI,Hyderabad
T100961,2024-05-05,Amit Sharma,Education,426.35,UPI,Hyderabad
T100520,2024-05-06,Sneha Kulkarni,Food,702.09,UPI,Pune
T100375,2024-05-06,Kavita More,Education,1784.79,Card,Delhi
T100105,2024-05-07,Rahul Singh,Bills,2030.74,Cash,Delhi
T100611,2024-05-07,Kavita More,Entertainment,1645.12,Card,Nashik
T100578,2024-05-08,Suresh Naik,Shopping,1404.88,Card,Hyderabad
T100995,2024-05-08,Priya Joshi,Bills,1278.49,Cash,Mumbai
T100355,2024-05-08,Pooja Deshmukh,Shopping,1288.41,Cash,Hyderabad
T100351,2024-05-08,Pooja Deshmukh,Bills,698.02,Cash,Bangalore
T100317,2024-05-09,Kavita More,Travel,1756.34,Cash,Hyderabad
T100363,2024-05-10,Pooja Deshmukh,Food,625.87,Card,Bangalore
T100875,2024-05-11,Priya Joshi,Education,1572.5,Cash,Hyderabad
T100529,2024-05-12,Priya Joshi,Entertainment,644.02,Cash,Delhi
T100232,2024-05-12,Neha Patil,Food,1533.16,Cash,Pune
T100959,2024-05-12,Pooja Deshmukh,Healthcare,532.26,UPI,Hyderabad
T100122,2024-05-12,Rohit Verma,Travel,1082.99,Card,Nagpur
T100258,2024-05-13,Suresh Naik,Travel,2197.83,Cash,Bangalore
T100286,2024-05-14,Neha Patil,Shopping,441.06,Card,Nagpur
T100380,2024-05-14,Amit Sharma,Travel,1486.03,Card,Nagpur
T100682,2024-05-15,Ankit Jain,Shopping,828.76,UPI,Hyderabad
T100238,2024-05-15,Suresh Naik,Healthcare,967.8,Cash,Mumbai
T100037,2024-05-15,Ankit Jain,Healthcare,51.91,UPI,Pune
T100405,2024-05-15,Ankit Jain,Travel,784.09,Cash,Nagpur
T100242,2024-05-16,Sneha Kulkarni,Shopping,901.24,UPI,Hyderabad
T100040,2024-05-16,Suresh Naik,Education,945.93,UPI,Nagpur
T100720,2024-05-17,Priya Joshi,Food,1183.19,Card,Nagpur
T100973,2024-05-18,Pooja Deshmukh,Shopping,1475.87,Card,Nashik
T100333,2024-05-18,Ankit Jain,unknown,1330.14,Cash,Mumbai
T100809,2024-05-18,Priya Joshi,Education,943.4,Card,Hyderabad
T100755,2024-05-19,Pooja Deshmukh,Shopping,2546.52,UPI,Pune
T100756,2024-05-19,Amit Sharma,Shopping,1374.9,UPI,Bangalore
T100886,2024-05-19,Ankit Jain,Bills,755.38,Card,Delhi
T100470,2024-05-20,Ankit Jain,Shopping,1242.95,Card,Bangalore
T100340,2024-05-20,Ankit Jain,Entertainment,1084.8,Card,Bangalore
T100719,2024-05-20,Sneha Kulkarni,Bills,1610.17,Card,Delhi
T100012,2024-05-20,Kavita More,Food,1331.28,Card,Mumbai
T100027,2024-05-22,Rohit Verma,Entertainment,1298.66,Card,Bangalore
T100726,2024-05-22,Kavita More,Travel,1111.61,UPI,Delhi
T100330,2024-05-22,Pooja Deshmukh,Travel,1020.12,Cash,Mumbai
T100566,2024-05-23,Priya Joshi,Entertainment,1099.25,Cash,Delhi
T100231,2024-05-23,Amit Sharma,Healthcare,625.6,Card,Pune
T100213,2024-05-23,Sneha Kulkarni,Travel,1299.47,Cash,Hyderabad
T100830,2024-05-23,Suresh Naik,Healthcare,731.75,Card,Nagpur
T100857,2024-05-24,Pooja Deshmukh,Travel,1364.75,Cash,Bangalore
T100109,2024-05-25,Rohit Verma,Healthcare,891.82,Cash,Hyderabad
T100326,2024-05-25,Amit Sharma,Healthcare,1280.01,UPI,Delhi
T100190,2024-05-26,Sneha Kulkarni,unknown,1207.14,Cash,Hyderabad
T100166,2024-05-26,Priya Joshi,Education,1641.17,Cash,Mumbai
T100086,2024-05-27,Rohit Verma,Entertainment,1536.43,UPI,Nagpur
T100671,2024-05-27,Amit Sharma,Shopping,1642.62,Card,Nagpur
T100125,2024-05-27,Sneha Kulkarni,Food,1162.02,Card,Nagpur
T100559,2024-05-27,Sneha Kulkarni,Travel,1107.74,Card,Nashik
T100776,2024-05-28,Sneha Kulkarni,Bills,1175.55,Card,Delhi
T100980,2024-05-28,Sneha Kulkarni,Food,1295.21,UPI,Hyderabad
T100139,2024-05-28,Sneha Kulkarni,Bills,1966.72,Cash,Bangalore
T100032,2024-05-29,Rahul Singh,Healthcare,1130.28,UPI,Delhi
T100449,2024-05-29,Rohit Verma,Education,1606.6,Card,Mumbai
T100016,2024-05-29,Neha Patil,Food,1395.23,UPI,Pune
T100106,2024-05-29,Rohit Verma,Bills,1210.44,Cash,Delhi
T100884,2024-05-30,Priya Joshi,Shopping,1634.58,UPI,Hyderabad
T100849,2024-05-31,Pooja Deshmukh,Food,3163.12,Card,Hyderabad
T100712,2024-05-31,Amit Sharma,Bills,634.69,Cash,Delhi
T100907,2024-05-31,Neha Patil,Education,1960.5,Card,Nagpur
T100423,2024-06-01,Ankit Jain,Shopping,1095.34,Card,unknown
T100281,2024-06-01,Pooja Deshmukh,Travel,1006.45,Card,Bangalore
T100444,2024-06-01,Kavita More,Entertainment,1193.08,UPI,Nagpur
T100318,2024-06-02,Kavita More,Shopping,885.37,Card,Mumbai
T100807,2024-06-02,Suresh Naik,Healthcare,1310.27,Card,Mumbai
T100802,2024-06-02,Pooja Deshmukh,Bills,896.06,UPI,Hyderabad
T100879,2024-06-03,Rohit Verma,Travel,1326.12,Cash,Mumbai
T100228,2024-06-03,Priya Joshi,Travel,656.38,Cash,Mumbai
T100268,2024-06-04,Amit Sharma,Healthcare,1532.96,Cash,Delhi
T100462,2024-06-04,unknown,Healthcare,524.46,Card,Hyderabad
T100947,2024-06-05,Pooja Deshmukh,Bills,1093.9,Card,Mumbai
T100646,2024-06-06,Priya Joshi,Education,1180.35,UPI,Nagpur
T100915,2024-06-07,Rahul Singh,Education,895.71,UPI,Nagpur
T100048,2024-06-07,Ankit Jain,Food,1719.56,Card,Nagpur
T100112,2024-06-07,Rahul Singh,Entertainment,1840.82,Card,Pune
T100458,2024-06-08,Neha Patil,unknown,657.42,UPI,Nashik
T100852,2024-06-09,Sneha Kulkarni,Healthcare,1056.28,Card,Bangalore
T100157,2024-06-10,Rohit Verma,Entertainment,553.36,Cash,Bangalore
T100728,2024-06-10,Neha Patil,Travel,954.42,Card,Pune
T100779,2024-06-11,Priya Joshi,Shopping,2052.05,UPI,Bangalore
T100379,2024-06-11,Rohit Verma,Food,1457.13,Card,Nashik
T100060,2024-06-12,Sneha Kulkarni,Education,749.69,UPI,Bangalore
T100108,2024-06-12,Pooja Deshmukh,Healthcare,569.92,Card,Mumbai
T100476,2024-06-12,Sneha Kulkarni,Healthcare,1383.74,Cash,Mumbai
T100484,2024-06-13,Kavita More,Food,1436.82,Card,Delhi
T100972,2024-06-13,Pooja Deshmukh,Entertainment,974.42,Cash,Pune
T100813,2024-06-13,Sneha Kulkarni,Shopping,1297.05,UPI,Mumbai
T100265,2024-06-14,Sneha Kulkarni,Education,2097.61,Card,Mumbai
T100733,2024-06-14,Suresh Naik,unknown,1439.72,unknown,Nashik
T100899,2024-06-14,Ankit Jain,Travel,626.15,UPI,Bangalore
T100960,2024-06-14,Suresh Naik,Education,1443.02,Card,Mumbai
T100589,2024-06-15,Rahul Singh,Entertainment,1735.77,UPI,Hyderabad
T100397,2024-06-15,Pooja Deshmukh,Travel,1544.85,Card,Delhi
T100133,2024-06-15,Pooja Deshmukh,Entertainment,1203.4,Card,Nagpur
T100812,2024-06-15,Neha Patil,Shopping,1789.86,Card,Nagpur
T100931,2024-06-17,Rohit Verma,Bills,776.84,Card,Hyderabad
T100954,2024-06-17,Sneha Kulkarni,Travel,246.1,Card,Delhi
T100507,2024-06-17,Amit Sharma,Entertainment,1394.81,Card,Pune
T100798,2024-06-17,Ankit Jain,Shopping,1308.39,Cash,Nashik
T100605,2024-06-17,Suresh Naik,Entertainment,1959.64,Cash,Bangalore
T100393,2024-06-17,Priya Joshi,Education,396.71,Cash,Mumbai
T100465,2024-06-18,Priya Joshi,Healthcare,1473.63,UPI,Mumbai
T100595,2024-06-18,Suresh Naik,Healthcare,1090.98,UPI,Nagpur
T100795,2024-06-18,unknown,Education,441.68,Card,Nagpur
T100579,2024-06-18,Amit Sharma,Entertainment,769.46,Cash,Delhi
T100950,2024-06-18,Ankit Jain,Food,1328.88,Cash,Delhi
T100456,2024-06-18,Neha Patil,Entertainment,1034.35,Cash,Bangalore
T100454,2024-06-19,Kavita More,Bills,1485.31,Card,Bangalore
T100568,2024-06-20,Ankit Jain,Food,1499.4,Card,Nagpur
T100018,2024-06-20,Pooja Deshmukh,Bills,1332.68,UPI,Pune
T100903,2024-06-21,Neha Patil,Healthcare,384.76,unknown,Hyderabad
T100665,2024-06-21,Rahul Singh,Bills,1966.18,Cash,Nagpur
T100630,2024-06-21,Rohit Verma,Food,1374.83,UPI,Nashik
T100478,2024-06-22,Rahul Singh,Education,1660.9,Cash,Nagpur
T100031,2024-06-22,Rohit Verma,Shopping,1801.94,unknown,Pune
T100765,2024-06-23,Suresh Naik,Food,882.22,Card,Mumbai
T100394,2024-06-23,Priya Joshi,Travel,2074.79,Card,Nagpur
T100710,2024-06-23,Suresh Naik,Shopping,1297.51,UPI,Nashik
T100390,2024-06-23,Suresh Naik,Travel,1134.26,Card,Bangalore
T100227,2024-06-23,Ankit Jain,Food,1217.08,Cash,Nagpur
T100887,2024-06-24,Priya Joshi,Entertainment,1677.65,Cash,Delhi
T100767,2024-06-24,Pooja Deshmukh,Bills,1039.38,UPI,Nashik
T100494,2024-06-24,Rahul Singh,Food,845.21,Card,Nashik
T100084,2024-06-24,Kavita More,Shopping,1419.24,Card,Pune
T100587,2024-06-24,Rahul Singh,Education,1355.65,Card,Hyderabad
T100996,2024-06-24,Priya Joshi,Bills,906.73,Cash,Nashik
T100885,2024-06-26,Rahul Singh,Food,972.23,UPI,Delhi
T100993,2024-06-26,Kavita More,Education,1096.69,UPI,unknown
T100056,2024-06-26,Neha Patil,Travel,765.17,Cash,Nashik
T100113,2024-06-26,Rohit Verma,Entertainment,1478.85,UPI,Pune
T100324,2024-06-27,Neha Patil,Bills,1122.05,UPI,Bangalore
T100822,2024-06-27,Rahul Singh,Entertainment,1467.41,unknown,Nashik
T100673,2024-06-27,Suresh Naik,Bills,1261.77,UPI,Bangalore
T100814,2024-06-28,Pooja Deshmukh,Shopping,934.39,UPI,Nagpur
T100675,2024-06-28,Rohit Verma,Bills,947.13,Card,Nagpur
T100412,2024-06-28,Rahul Singh,Shopping,1449.84,Cash,Bangalore
T100184,2024-06-28,Rohit Verma,Food,857.69,UPI,Nagpur
T100773,2024-06-29,Kavita More,Education,236.16,Cash,Pune
T100730,2024-06-29,Rahul Singh,Healthcare,1071.91,Cash,Delhi
T100354,2024-06-29,Priya Joshi,Travel,839.13,Cash,Hyderabad
T100898,2024-06-29,Pooja Deshmukh,Shopping,1362.03,UPI,Pune
T100791,2024-06-30,Pooja Deshmukh,Bills,2012.98,Cash,Nashik
T100101,2024-06-30,Amit Sharma,Food,785.75,Card,Nashik
T100971,2024-06-30,Amit Sharma,Shopping,216.08,Cash,Bangalore
T100154,2024-06-30,Suresh Naik,Education,2102.17,Card,Pune
T100836,2024-06-30,Pooja Deshmukh,Bills,896.57,Card,Mumbai
T100170,2024-07-01,Rohit Verma,Healthcare,981.64,UPI,Pune
T100110,2024-07-02,Amit Sharma,Entertainment,1012.4,Card,Hyderabad
T100362,2024-07-03,Pooja Deshmukh,Entertainment,1605.7,UPI,Nagpur
T100303,2024-07-04,Rahul Singh,Bills,1003.99,Card,Nagpur
T100661,2024-07-04,Pooja Deshmukh,Education,1211.95,Card,Delhi
T100421,2024-07-05,Amit Sharma,Education,1218.97,Card,Hyderabad
T100001,2024-07-05,Sneha Kulkarni,Education,1195.35,UPI,Mumbai
T100537,2024-07-05,Priya Joshi,Travel,1811.78,UPI,Pune
T100013,2024-07-07,Rohit Verma,Shopping,1296.79,Card,Mumbai
T100738,2024-07-07,Sneha Kulkarni,Education,956.4,Card,Nashik
T100081,2024-07-08,Suresh Naik,Bills,1757.16,UPI,Nagpur
T100430,2024-07-08,Sneha Kulkarni,Travel,1084.57,Card,Mumbai
T100642,2024-07-08,Amit Sharma,Travel,20000.0,UPI,Nagpur
T100195,2024-07-08,Kavita More,Food,1492.21,UPI,Pune
T100270,2024-07-08,Sneha Kulkarni,Bills,1619.47,Cash,Pune
T100140,2024-07-09,Priya Joshi,Healthcare,488.02,UPI,Nagpur
T100839,2024-07-09,Kavita More,Food,950.13,UPI,Nagpur
T100974,2024-07-09,Sneha Kulkarni,Shopping,1800.13,Cash,Bangalore
T100781,2024-07-10,Kavita More,Education,1169.0,Cash,Bangalore
T100353,2024-07-10,unknown,Healthcare,1234.67,UPI,Hyderabad
T100289,2024-07-10,unknown,Healthcare,1487.6,UPI,Hyderabad
T100648,2024-07-11,Pooja Deshmukh,Travel,1366.93,Cash,Nagpur
T100591,2024-07-11,Sneha Kulkarni,Bills,1670.66,UPI,Bangalore
T100413,2024-07-11,Amit Sharma,Education,1436.0,Card,Nashik
T100534,2024-07-12,Ankit Jain,Bills,1386.05,Card,Mumbai
T100319,2024-07-12,Neha Patil,Education,1966.86,UPI,Nashik
T100158,2024-07-12,Priya Joshi,Healthcare,721.78,UPI,Pune
T100979,2024-07-12,Rahul Singh,Travel,1005.74,Cash,Bangalore
T100983,2024-07-13,Rohit Verma,Shopping,1217.22,Card,Nagpur
T100590,2024-07-13,Rahul Singh,Bills,1295.32,UPI,Mumbai
T100953,2024-07-13,Priya Joshi,Shopping,1122.37,Card,Nagpur
T100482,2024-07-14,Rahul Singh,Food,2228.27,Cash,Mumbai
T100429,2024-07-15,Neha Patil,Bills,1560.78,Card,Pune
T100528,2024-07-15,Priya Joshi,Healthcare,2510.4,UPI,Pune
T100328,2024-07-15,Amit Sharma,Entertainment,1758.7,Card,Mumbai
T100923,2024-07-16,unknown,Travel,1335.03,UPI,Nashik
T100187,2024-07-16,Priya Joshi,Bills,1646.3,Cash,Mumbai
T100618,2024-07-17,Rahul Singh,Entertainment,1431.6,Card,Pune
T100468,2024-07-17,Rohit Verma,Healthcare,1137.27,Card,Nagpur
T100821,2024-07-17,Suresh Naik,unknown,756.66,UPI,Pune
T100816,2024-07-18,Kavita More,Healthcare,648.85,Cash,Mumbai
T100137,2024-07-18,Rahul Singh,Travel,1886.42,UPI,Bangalore
T100597,2024-07-19,Suresh Naik,Entertainment,873.96,UPI,Nashik
T100514,2024-07-19,Rohit Verma,Education,693.05,Cash,Delhi
T100395,2024-07-20,Amit Sharma,Entertainment,1890.73,Cash,Pune
T100754,2024-07-20,Rahul Singh,Healthcare,1291.92,Card,Nashik
T100998,2024-07-20,Neha Patil,Healthcare,1557.3,UPI,Hyderabad
T100185,2024-07-21,Neha Patil,Education,1595.31,Card,Nashik
T100684,2024-07-21,Priya Joshi,Education,1815.44,Cash,Bangalore
T100860,2024-07-22,Neha Patil,Food,991.9,Card,Bangalore
T100205,2024-07-22,Sneha Kulkarni,Education,1955.58,Cash,Bangalore
T100493,2024-07-22,Ankit Jain,Entertainment,1227.47,Cash,Mumbai
T100545,2024-07-23,Neha Patil,Healthcare,971.35,UPI,Mumbai
T100024,2024-07-23,Suresh Naik,Education,1682.7,Card,Mumbai
T100211,2024-07-23,Sneha Kulkarni,Healthcare,989.62,Card,unknown
T100547,2024-07-24,Neha Patil,Education,1229.01,Card,Pune
T100933,2024-07-24,Amit Sharma,Bills,1299.91,Cash,Pune
T100784,2024-07-24,Kavita More,Shopping,348.06,UPI,Nashik
T100824,2024-07-24,Sneha Kulkarni,Travel,881.35,UPI,Hyderabad
T100178,2024-07-24,Neha Patil,Education,875.31,UPI,Delhi
T100549,2024-07-24,Rahul Singh,Food,76.56,Cash,Nagpur
T100626,2024-07-24,Sneha Kulkarni,Food,20000.0,UPI,Pune
T100332,2024-07-25,Priya Joshi,Travel,993.27,Cash,Nashik
T100151,2024-07-25,Ankit Jain,Food,1209.57,UPI,Delhi
T100377,2024-07-25,Neha Patil,Healthcare,1178.26,Cash,Delhi
T100797,2024-07-25,Priya Joshi,Entertainment,616.11,Cash,Nashik
T100288,2024-07-26,Amit Sharma,Travel,1645.19,Cash,Bangalore
T100872,2024-07-26,Sneha Kulkarni,Education,1249.03,Cash,Pune
T100771,2024-07-26,Sneha Kulkarni,Shopping,1384.37,Cash,Nagpur
T100386,2024-07-26,Rahul Singh,Food,1188.22,Card,Hyderabad
T100629,2024-07-26,Neha Patil,Entertainment,218.69,UPI,Hyderabad
T100091,2024-07-26,Amit Sharma,Food,1974.51,Cash,Mumbai
T100087,2024-07-27,Amit Sharma,Food,1495.91,Cash,Bangalore
T100234,2024-07-28,Rahul Singh,Entertainment,337.1,UPI,Nashik
T100451,2024-07-28,Rohit Verma,Travel,1060.12,Cash,Delhi
T100650,2024-07-28,Amit Sharma,Entertainment,1740.88,UPI,Mumbai
T100762,2024-07-29,Priya Joshi,Shopping,1657.7,Cash,Delhi
T100061,2024-07-29,Pooja Deshmukh,Travel,1519.2,Cash,Nashik
T100077,2024-07-30,Suresh Naik,Food,1068.55,Cash,Hyderabad
T100384,2024-07-30,Ankit Jain,Bills,1482.3,Card,Delhi
T100848,2024-07-30,Kavita More,Shopping,1454.13,Cash,Delhi
T100314,2024-07-30,Pooja Deshmukh,Healthcare,685.31,Cash,Mumbai
T100400,2024-07-30,Rahul Singh,Education,1347.11,UPI,Nagpur
T100041,2024-07-30,Neha Patil,Entertainment,1126.11,Cash,Delhi
T100918,2024-07-30,Rahul Singh,Food,1811.54,Cash,Pune
T100198,2024-07-30,Neha Patil,Shopping,2008.61,UPI,Nashik
T100742,2024-07-31,Suresh Naik,Entertainment,971.94,Card,Hyderabad
T100117,2024-08-01,Ankit Jain,Food,1770.07,Card,Nashik
T100601,2024-08-01,Pooja Deshmukh,Entertainment,497.22,UPI,Mumbai
T100473,2024-08-01,Rahul Singh,Education,774.3,Cash,Delhi
T100832,2024-08-01,Rahul Singh,Healthcare,1346.1,Card,Mumbai
T100485,2024-08-01,Rohit Verma,Bills,736.81,Card,Nagpur
T100871,2024-08-01,Amit Sharma,Healthcare,1534.33,UPI,Nagpur
T100540,2024-08-01,Pooja Deshmukh,Travel,540.38,UPI,Mumbai
T100577,2024-08-02,Rohit Verma,Bills,1905.23,unknown,Mumbai
T100297,2024-08-03,Pooja Deshmukh,Shopping,936.98,UPI,Bangalore
T100284,2024-08-04,Pooja Deshmukh,Travel,1053.02,UPI,Delhi
T100934,2024-08-04,Ankit Jain,Education,1332.01,Card,unknown
T100530,2024-08-04,Ankit Jain,Bills,1932.09,Card,Nagpur
T100445,2024-08-04,Neha Patil,Travel,855.14,Cash,Bangalore
T100417,2024-08-05,Priya Joshi,Travel,581.17,Card,Nashik
T100428,2024-08-05,Sneha Kulkarni,Entertainment,1351.91,UPI,Mumbai
T100834,2024-08-06,Rahul Singh,Education,80.88,UPI,Delhi
T100803,2024-08-06,Priya Joshi,Shopping,930.44,Card,Pune
T100703,2024-08-07,Pooja Deshmukh,Travel,1097.76,unknown,Nagpur
T100940,2024-08-07,Neha Patil,Entertainment,1138.65,Card,Nagpur
T100806,2024-08-07,Sneha Kulkarni,Food,647.57,Card,Nagpur
T100610,2024-08-07,Rahul Singh,Healthcare,654.03,Card,Nagpur
T100033,2024-08-08,Rohit Verma,Education,974.91,UPI,Delhi
T100399,2024-08-08,Kavita More,Healthcare,1331.74,UPI,Delhi
T100216,2024-08-08,Kavita More,Bills,1817.89,Card,Nagpur
T100147,2024-08-09,Suresh Naik,Travel,518.41,Cash,Hyderabad
T100408,2024-08-10,Rohit Verma,Entertainment,1541.03,Card,Hyderabad
T100527,2024-08-10,Rahul Singh,Education,1174.9,Cash,Nashik
T100833,2024-08-11,Pooja Deshmukh,Education,1106.34,Cash,Nashik
T100752,2024-08-11,Priya Joshi,Bills,1020.19,UPI,Mumbai
T100420,2024-08-12,Sneha Kulkarni,Healthcare,818.36,UPI,Nagpur
T100467,2024-08-12,Neha Patil,Entertainment,1072.52,Card,Pune
T100240,2024-08-12,Rohit Verma,Bills,1591.7,UPI,Nashik
T100780,2024-08-13,Ankit Jain,unknown,1823.45,UPI,Delhi
T100130,2024-08-13,Sneha Kulkarni,Education,396.17,Cash,Hyderabad
T100632,2024-08-13,Suresh Naik,Travel,1247.67,Card,Mumbai
T100792,2024-08-13,Rohit Verma,Healthcare,2309.39,UPI,Bangalore
T100847,2024-08-14,Sneha Kulkarni,Food,1307.7,Card,Bangalore
T100576,2024-08-14,Amit Sharma,Bills,1241.91,Cash,Nagpur
T100557,2024-08-14,Ankit Jain,Bills,605.17,Card,Mumbai
T100244,2024-08-15,Pooja Deshmukh,Travel,2069.45,Cash,Hyderabad
T100941,2024-08-15,Rahul Singh,Education,1246.69,Card,Bangalore
T100126,2024-08-15,Sneha Kulkarni,Travel,1040.08,Cash,Bangalore
T100236,2024-08-15,Ankit Jain,Education,1797.05,Cash,Hyderabad
T100893,2024-08-15,Rahul Singh,Food,1003.76,Cash,Nagpur
T100276,2024-08-16,Amit Sharma,Shopping,1428.89,Cash,Hyderabad
T100663,2024-08-16,Rahul Singh,Entertainment,1981.71,Card,Delhi
T100955,2024-08-18,Amit Sharma,Bills,769.81,Card,Nagpur
T100028,2024-08-18,Ankit Jain,Entertainment,891.17,Cash,Bangalore
T100964,2024-08-19,Amit Sharma,Shopping,1153.18,Card,Pune
T100075,2024-08-19,Priya Joshi,Healthcare,1592.3,Card,Pune
T100489,2024-08-19,Neha Patil,Travel,1052.46,UPI,Delhi
T100495,2024-08-20,Amit Sharma,Food,570.75,UPI,Nagpur
T100596,2024-08-20,Neha Patil,Bills,776.18,UPI,Pune
T100160,2024-08-20,Pooja Deshmukh,Education,1942.06,UPI,Nagpur
T100936,2024-08-20,Suresh Naik,Shopping,1566.25,UPI,Hyderabad
T100361,2024-08-21,Priya Joshi,unknown,1614.87,Cash,Nagpur
T100908,2024-08-23,Rohit Verma,Bills,725.54,Card,Bangalore
T100052,2024-08-23,Sneha Kulkarni,Bills,423.12,Card,Hyderabad
T100074,2024-08-25,Kavita More,Shopping,2406.31,Card,Nashik
T100271,2024-08-25,Kavita More,Food,891.37,Card,Nagpur
T100583,2024-08-25,Pooja Deshmukh,Travel,960.25,Cash,Delhi
T100100,2024-08-26,Neha Patil,Education,399.55,UPI,Pune
T100173,2024-08-26,Amit Sharma,Shopping,1076.49,Card,unknown
T100810,2024-08-26,Rohit Verma,Food,841.04,Card,Hyderabad
T100856,2024-08-26,Kavita More,Food,915.08,UPI,Nagpur
T100877,2024-08-27,Rahul Singh,Healthcare,1167.91,Cash,Hyderabad
T100616,2024-08-28,Priya Joshi,Bills,1498.61,UPI,Hyderabad
T100634,2024-08-28,Priya Joshi,Education,1539.57,UPI,Hyderabad
T100237,2024-08-29,Suresh Naik,Food,709.42,Cash,Bangalore
T100794,2024-08-30,Suresh Naik,Shopping,1347.81,UPI,Nagpur
T100554,2024-08-30,unknown,Entertainment,261.72,UPI,Nagpur
T100700,2024-08-30,Ankit Jain,Healthcare,1320.66,Cash,Mumbai
T100932,2024-08-31,Pooja Deshmukh,Travel,1471.74,Cash,Nashik
T100986,2024-09-01,Priya Joshi,Travel,1426.75,Card,Nashik
T100789,2024-09-01,Neha Patil,Entertainment,1050.08,Card,Bangalore
T100984,2024-09-01,Sneha Kulkarni,Travel,44.16,UPI,Hyderabad
T100718,2024-09-01,Rahul Singh,Entertainment,1326.58,UPI,Bangalore
T100050,2024-09-01,Rohit Verma,Travel,1535.24,UPI,Nagpur
T100937,2024-09-02,Amit Sharma,Entertainment,1344.36,UPI,Bangalore
T100741,2024-09-02,Kavita More,Entertainment,551.94,Card,Nashik
T100120,2024-09-02,Priya Joshi,unknown,794.57,Cash,Nagpur
T100189,2024-09-02,Ankit Jain,Bills,1565.38,UPI,Pune
T100854,2024-09-02,Pooja Deshmukh,Shopping,1177.24,unknown,Bangalore
T100536,2024-09-02,Suresh Naik,Food,1173.44,Card,Nashik
T100419,2024-09-02,Ankit Jain,Food,1643.65,UPI,Pune
T100070,2024-09-03,Kavita More,Bills,1085.7,Card,Nagpur
T100815,2024-09-03,Neha Patil,Food,1441.94,Cash,Pune
T100532,2024-09-03,Rahul Singh,Healthcare,1340.32,UPI,Nashik
T100552,2024-09-04,Kavita More,Travel,1800.04,Cash,Bangalore
T100766,2024-09-04,Suresh Naik,Entertainment,2069.43,Cash,Delhi
T100481,2024-09-05,Priya Joshi,Entertainment,1503.43,Card,Hyderabad
T100643,2024-09-05,Neha Patil,Food,1506.23,Cash,Nagpur
T100518,2024-09-05,Rohit Verma,Entertainment,752.33,Cash,Hyderabad
T100584,2024-09-05,Rahul Singh,Shopping,1348.29,UPI,Bangalore
T100385,2024-09-06,Priya Joshi,Travel,690.17,Cash,Hyderabad
T100410,2024-09-06,Pooja Deshmukh,Education,909.97,Cash,Nashik
T100432,2024-09-06,Priya Joshi,Education,530.7,Card,Nashik
T100457,2024-09-07,Rohit Verma,Entertainment,893.88,Card,Nagpur
T100255,2024-09-07,Rohit Verma,Shopping,700.97,Cash,Mumbai
T100989,2024-09-08,Priya Joshi,Education,1423.44,UPI,Bangalore
T100895,2024-09-08,Amit Sharma,Education,966.75,UPI,Hyderabad
T100049,2024-09-08,Kavita More,Entertainment,1162.12,Card,Pune
T100861,2024-09-09,Kavita More,Travel,634.97,UPI,Delhi
T100796,2024-09-09,Rahul Singh,Bills,1938.47,Cash,Pune
T100441,2024-09-09,Neha Patil,Entertainment,1177.29,Cash,Delhi
T100571,2024-09-09,Priya Joshi,Healthcare,1241.0,UPI,Mumbai
T100035,2024-09-09,Rahul Singh,Food,1500.6,Cash,Bangalore
T100094,2024-09-09,Ankit Jain,Healthcare,1282.38,UPI,Nagpur
T100966,2024-09-09,Pooja Deshmukh,unknown,556.42,Cash,Nashik
T100621,2024-09-10,Pooja Deshmukh,Bills,583.74,UPI,Bangalore
T100801,2024-09-10,Ankit Jain,Travel,781.37,unknown,Hyderabad
T100778,2024-09-11,Pooja Deshmukh,Food,1173.8,Cash,Nashik
T100902,2024-09-11,Rahul Singh,Shopping,1106.55,Cash,Bangalore
T100708,2024-09-11,Neha Patil,Education,1163.03,Card,Delhi
T100739,2024-09-11,Kavita More,Education,1024.04,UPI,Nagpur
T100692,2024-09-11,Rahul Singh,Travel,1977.08,UPI,Delhi
T100144,2024-09-12,Amit Sharma,Education,400.94,UPI,Bangalore
T100944,2024-09-13,Rohit Verma,Travel,1958.2,UPI,Delhi
T100717,2024-09-13,Amit Sharma,Education,884.21,Card,Delhi
T100204,2024-09-13,Rohit Verma,Education,1136.23,Card,Pune
T100519,2024-09-14,Suresh Naik,unknown,995.95,Card,Nashik
T100659,2024-09-16,Rahul Singh,Entertainment,1722.54,UPI,Nashik
T100868,2024-09-17,Sneha Kulkarni,Entertainment,1542.75,UPI,Bangalore
T100350,2024-09-17,Ankit Jain,Shopping,739.07,UPI,Bangalore
T100389,2024-09-17,Ankit Jain,Education,1015.24,Cash,Nashik
T100466,2024-09-17,Priya Joshi,Food,1474.44,Cash,Bangalore
T100845,2024-09-17,Kavita More,Bills,134.72,Cash,Delhi
T100770,2024-09-17,Priya Joshi,Travel,1441.03,Cash,Hyderabad
T100548,2024-09-17,Rahul Singh,Food,1624.22,Card,Nagpur
T100480,2024-09-18,Sneha Kulkarni,Shopping,1410.05,Cash,Hyderabad
T100342,2024-09-18,Sneha Kulkarni,Travel,1645.1,Card,Mumbai
T100006,2024-09-20,Rohit Verma,Shopping,870.94,Cash,Hyderabad
T100308,2024-09-20,Ankit Jain,Bills,1805.97,Card,Nashik
T100927,2024-09-20,Kavita More,Shopping,2193.64,Card,Pune
T100196,2024-09-20,Rahul Singh,Education,2188.22,Cash,Bangalore
T100411,2024-09-20,Suresh Naik,Healthcare,1319.7,UPI,Nashik
T100734,2024-09-20,Ankit Jain,Food,1637.26,Cash,Delhi
T100171,2024-09-21,Amit Sharma,Bills,1166.93,Card,Pune
T100522,2024-09-21,Sneha Kulkarni,Shopping,1629.23,Card,Pune
T100150,2024-09-21,Rohit Verma,Food,1412.94,UPI,Delhi
T100760,2024-09-24,Neha Patil,Entertainment,1159.7,Cash,Delhi
T100057,2024-09-24,Pooja Deshmukh,Bills,1762.72,UPI,Pune
T100312,2024-09-25,Suresh Naik,Education,311.88,UPI,Bangalore
T100564,2024-09-25,Ankit Jain,Healthcare,1525.76,UPI,Delhi
T100677,2024-09-25,Amit Sharma,Education,1940.83,Card,Nagpur
T100443,2024-09-25,Sneha Kulkarni,Food,240.16,UPI,Mumbai
T100277,2024-09-25,Rohit Verma,Entertainment,2037.25,UPI,Nagpur
T100142,2024-09-26,Suresh Naik,Shopping,985.38,UPI,Nashik
T100208,2024-09-26,Priya Joshi,Entertainment,573.8,Card,Nagpur
T100679,2024-09-26,Kavita More,unknown,1201.85,UPI,Bangalore
T100174,2024-09-26,Kavita More,unknown,1020.83,Cash,Delhi
T100427,2024-09-26,Rahul Singh,Bills,509.48,UPI,Bangalore
T100020,2024-09-27,Rahul Singh,Healthcare,19.41,Card,Mumbai
T100970,2024-09-28,Priya Joshi,Entertainment,440.33,UPI,Pune
T100745,2024-09-29,Neha Patil,Travel,921.29,Cash,unknown
T100418,2024-09-29,Rahul Singh,Education,1634.58,UPI,Pune
T100422,2024-09-29,Rahul Singh,Bills,1541.66,UPI,Mumbai
T100699,2024-09-30,Rohit Verma,Travel,1051.7,UPI,Mumbai
T100474,2024-09-30,Neha Patil,Food,1287.61,Card,Mumbai
T100653,2024-09-30,Rohit Verma,Education,1864.47,Cash,Pune
T100827,2024-09-30,Kavita More,Food,907.69,Cash,Nashik
T100452,2024-10-01,Amit Sharma,Travel,1595.19,Card,Bangalore
T100891,2024-10-01,Sneha Kulkarni,Food,1085.23,Cash,Mumbai
T100574,2024-10-02,Suresh Naik,Bills,1552.25,UPI,Nashik
T100763,2024-10-02,Suresh Naik,Healthcare,925.23,Cash,Nashik
T100569,2024-10-02,Rohit Verma,Food,1534.17,Card,Bangalore
T100511,2024-10-03,Suresh Naik,Shopping,1201.69,Cash,unknown
T100737,2024-10-04,Kavita More,Food,678.98,UPI,Hyderabad
T100280,2024-10-05,Pooja Deshmukh,Education,654.15,Card,Bangalore
T100398,2024-10-05,unknown,Education,948.51,Card,Bangalore
T100573,2024-10-05,Kavita More,Travel,1927.91,Card,Bangalore
T100009,2024-10-05,Rahul Singh,Entertainment,790.37,Cash,Hyderabad
T100930,2024-10-06,Kavita More,Entertainment,1831.85,Card,Hyderabad
T100188,2024-10-06,Pooja Deshmukh,Entertainment,594.41,UPI,Nagpur
T100104,2024-10-06,Kavita More,Education,1112.07,Cash,Nashik
T100464,2024-10-06,Priya Joshi,Entertainment,1440.93,Card,Delhi
T100433,2024-10-06,Rohit Verma,Shopping,1546.46,UPI,Bangalore
T100119,2024-10-07,Suresh Naik,Bills,692.45,UPI,Hyderabad
T100442,2024-10-07,Amit Sharma,Travel,1212.69,UPI,Delhi
T100292,2024-10-09,Sneha Kulkarni,Healthcare,1203.53,Card,Nashik
T100490,2024-10-09,Amit Sharma,Shopping,1687.91,UPI,Hyderabad
T100701,2024-10-09,Pooja Deshmukh,Food,624.49,Card,Delhi
T100942,2024-10-09,Kavita More,Bills,634.9,UPI,Delhi
T100693,2024-10-09,Suresh Naik,Shopping,1626.99,Card,Nagpur
T100729,2024-10-09,Pooja Deshmukh,Travel,1057.56,Card,Mumbai
T100837,2024-10-10,unknown,Entertainment,1428.84,Card,Mumbai
T100664,2024-10-10,Ankit Jain,Healthcare,790.79,Cash,Bangalore
T100497,2024-10-10,Ankit Jain,Healthcare,1045.76,Card,Delhi
T100688,2024-10-10,Rohit Verma,Healthcare,30000.0,Card,Delhi
T100146,2024-10-10,Suresh Naik,Shopping,2212.15,Cash,Mumbai
T100975,2024-10-11,Kavita More,Shopping,968.42,Cash,unknown
T100066,2024-10-11,Sneha Kulkarni,Bills,1220.46,UPI,Bangalore
T100785,2024-10-11,Rohit Verma,Healthcare,737.77,UPI,Delhi
T100358,2024-10-11,Pooja Deshmukh,unknown,2036.73,Card,Mumbai
T100558,2024-10-12,Suresh Naik,Travel,887.83,Cash,Hyderabad
T100912,2024-10-13,Pooja Deshmukh,Travel,1767.81,Cash,Pune
T100496,2024-10-14,Ankit Jain,Entertainment,1091.49,Card,Nashik
T100343,2024-10-14,Sneha Kulkarni,Food,1717.62,Cash,Nashik
T100876,2024-10-14,Pooja Deshmukh,Travel,1102.65,UPI,Bangalore
T100901,2024-10-14,Amit Sharma,Healthcare,295.57,Card,Nashik
T100723,2024-10-15,Priya Joshi,Education,1101.77,Cash,Nagpur
T100600,2024-10-15,Rahul Singh,Healthcare,1014.75,UPI,Hyderabad
T100172,2024-10-16,Rahul Singh,Shopping,2249.86,Card,Bangalore
T100775,2024-10-16,Rohit Verma,Entertainment,1622.58,unknown,Bangalore
T100735,2024-10-17,Ankit Jain,Bills,875.12,Card,Nashik
T100123,2024-10-17,Ankit Jain,Healthcare,1433.18,UPI,Nagpur
T100161,2024-10-18,Kavita More,Entertainment,1377.81,UPI,Hyderabad
T100047,2024-10-18,Sneha Kulkarni,Shopping,630.58,Card,Nashik
T100219,2024-10-18,Kavita More,Healthcare,1796.25,UPI,Bangalore
T100869,2024-10-19,Rohit Verma,unknown,2124.3,Card,Hyderabad
T100678,2024-10-19,Amit Sharma,Travel,2181.29,Cash,Pune
T100145,2024-10-19,Amit Sharma,Education,1431.09,UPI,Hyderabad
T100603,2024-10-19,Rohit Verma,Entertainment,1651.14,UPI,Bangalore
T100167,2024-10-19,Sneha Kulkarni,Travel,973.95,UPI,Nashik
T100251,2024-10-20,Sneha Kulkarni,Healthcare,1900.8,Card,Hyderabad
T100647,2024-10-20,Suresh Naik,Travel,1132.75,UPI,Bangalore
T100920,2024-10-20,Rohit Verma,Travel,1376.25,Card,Hyderabad
T100716,2024-10-21,Rohit Verma,Shopping,1647.68,Card,Pune
T100488,2024-10-21,Sneha Kulkarni,Healthcare,991.32,Card,Nagpur
T100753,2024-10-21,Pooja Deshmukh,Food,1350.55,Card,Nagpur
T100285,2024-10-22,Kavita More,Entertainment,1164.2,UPI,Bangalore
T100769,2024-10-22,Amit Sharma,Food,1607.08,UPI,Nagpur
T100062,2024-10-22,Neha Patil,Bills,1035.69,UPI,Bangalore
T100625,2024-10-23,Rahul Singh,Bills,1491.01,UPI,Hyderabad
T100982,2024-10-23,Rohit Verma,Food,945.1,Card,Delhi
T100073,2024-10-23,Rahul Singh,Education,1104.49,Card,Pune
T100670,2024-10-24,Rohit Verma,Travel,1512.75,Cash,Pune
T100102,2024-10-24,Ankit Jain,Entertainment,1148.37,UPI,Nashik
T100949,2024-10-24,Rohit Verma,Entertainment,1238.74,Card,Bangalore
T100747,2024-10-24,Rohit Verma,Healthcare,736.65,Card,Pune
T100783,2024-10-26,Priya Joshi,Bills,1016.75,Card,Hyderabad
T100604,2024-10-27,Ankit Jain,Shopping,746.12,Cash,Pune
T100164,2024-10-27,Amit Sharma,Food,574.8,UPI,Mumbai
T100352,2024-10-27,Rohit Verma,Healthcare,1303.63,UPI,Mumbai
T100257,2024-10-28,Rohit Verma,Healthcare,1325.1,Cash,Delhi
T100799,2024-10-28,Suresh Naik,Entertainment,651.35,Card,Nashik
T100310,2024-10-28,Rohit Verma,Travel,1015.36,Cash,Delhi
T100641,2024-10-28,Pooja Deshmukh,Entertainment,432.21,Cash,Nashik
T100034,2024-10-28,Ankit Jain,Food,1200.26,Card,Pune
T100239,2024-10-29,Rohit Verma,Healthcare,1431.03,Cash,Nashik
T100475,2024-10-30,Kavita More,Travel,2692.63,UPI,Mumbai
T100131,2024-10-30,Ankit Jain,Shopping,1292.37,unknown,Delhi
T100689,2024-10-31,Neha Patil,Shopping,934.51,Card,Delhi
T100459,2024-10-31,Rohit Verma,Bills,787.29,Card,Nashik
T100654,2024-11-01,Amit Sharma,Travel,1393.4,UPI,Nashik
T100329,2024-11-01,Suresh Naik,Bills,1924.25,UPI,Bangalore
T100563,2024-11-02,Pooja Deshmukh,Bills,1837.44,Card,Nagpur
T100525,2024-11-02,Suresh Naik,Shopping,475.7,Cash,Mumbai
T100370,2024-11-03,Sneha Kulkarni,Healthcare,1475.74,Card,Delhi
T100948,2024-11-03,Pooja Deshmukh,Healthcare,724.04,Card,Mumbai
T100594,2024-11-04,Sneha Kulkarni,Education,2104.65,Card,Bangalore
T100731,2024-11-04,Neha Patil,Travel,1079.25,unknown,Bangalore
T100222,2024-11-04,Suresh Naik,unknown,947.91,UPI,Nashik
T100197,2024-11-05,Sneha Kulkarni,Entertainment,417.88,UPI,Nagpur
T100371,2024-11-05,Pooja Deshmukh,Bills,1370.29,UPI,Nagpur
T100388,2024-11-06,Rahul Singh,Travel,1312.65,Card,Bangalore
T100900,2024-11-06,Rohit Verma,Shopping,1242.6,Card,Bangalore
T100749,2024-11-06,Rahul Singh,Healthcare,775.79,UPI,Nashik
T100017,2024-11-06,Kavita More,Healthcare,1148.39,Card,Nashik
T100517,2024-11-07,Rahul Singh,Healthcare,1327.69,UPI,Mumbai
T100426,2024-11-09,Pooja Deshmukh,Travel,807.01,Cash,Bangalore
T100176,2024-11-10,Amit Sharma,Entertainment,1572.1,Card,Delhi
T100029,2024-11-11,Sneha Kulkarni,Travel,1041.96,Card,Pune
T100706,2024-11-11,Neha Patil,Travel,967.1,Card,Nashik
T100651,2024-11-11,Neha Patil,Healthcare,543.89,UPI,Bangalore
T100135,2024-11-11,Priya Joshi,Education,1021.28,Card,Nashik
T100758,2024-11-12,Suresh Naik,Entertainment,1152.27,Cash,Pune
T100245,2024-11-13,Kavita More,Entertainment,1689.43,Cash,Nagpur
T100690,2024-11-13,Amit Sharma,Shopping,1032.43,UPI,Pune
T100220,2024-11-13,Amit Sharma,Shopping,310.71,Card,Mumbai
T100156,2024-11-14,Amit Sharma,Education,1559.88,Card,Nashik
T100881,2024-11-14,Pooja Deshmukh,Travel,1307.36,UPI,Mumbai
T100883,2024-11-14,Kavita More,Education,1692.72,UPI,Mumbai
T100356,2024-11-15,Priya Joshi,Bills,926.66,Card,Delhi
T100736,2024-11-15,Pooja Deshmukh,Entertainment,598.4,UPI,Nagpur
T100136,2024-11-15,Suresh Naik,Bills,1109.8,Card,Bangalore
T100471,2024-11-15,Sneha Kulkarni,Food,90.35,Card,Mumbai
T100910,2024-11-16,Amit Sharma,Shopping,1666.1,Card,Delhi
T100287,2024-11-16,Rahul Singh,Healthcare,1021.49,Cash,Nagpur
T100685,2024-11-17,Neha Patil,Healthcare,2042.51,Card,Pune
T100263,2024-11-17,Rohit Verma,Travel,1643.83,UPI,Mumbai
T100561,2024-11-17,Pooja Deshmukh,Food,97.22,UPI,Nashik
T100406,2024-11-19,Rohit Verma,Bills,1166.41,Card,Nashik
T100994,2024-11-20,Ankit Jain,Travel,1505.11,UPI,Nagpur
T100262,2024-11-20,Pooja Deshmukh,Healthcare,1467.25,Card,Nashik
T100957,2024-11-21,Ankit Jain,Entertainment,2143.84,Card,Mumbai
T100858,2024-11-21,Rohit Verma,Travel,441.41,Card,Pune
T100463,2024-11-21,Kavita More,Shopping,538.77,Card,Delhi
T100500,2024-11-22,Suresh Naik,Education,511.19,Cash,Nashik
T100368,2024-11-22,Rahul Singh,Education,1708.83,UPI,Delhi
T100657,2024-11-22,Pooja Deshmukh,Healthcare,1711.85,Cash,Mumbai
T100373,2024-11-22,Rohit Verma,Entertainment,536.76,UPI,Mumbai
T100226,2024-11-22,Rohit Verma,Education,862.15,Cash,unknown
T100008,2024-11-22,Kavita More,Entertainment,527.06,Card,Mumbai
T100360,2024-11-22,Sneha Kulkarni,Bills,550.21,Card,Nashik
T100715,2024-11-23,Priya Joshi,Entertainment,797.84,Cash,Delhi
T100193,2024-11-23,Amit Sharma,Travel,1543.16,Cash,Mumbai
T100863,2024-11-23,Rohit Verma,Food,1828.57,Card,Pune
T100376,2024-11-23,Sneha Kulkarni,Entertainment,1085.3,UPI,Mumbai
T100985,2024-11-24,Sneha Kulkarni,Entertainment,870.88,UPI,Pune
T100660,2024-11-24,Rahul Singh,Shopping,1272.44,UPI,Mumbai
T100997,2024-11-24,Kavita More,Travel,1312.11,UPI,Mumbai
T100864,2024-11-24,Rahul Singh,Food,932.33,Card,Mumbai
T100369,2024-11-25,Ankit Jain,Shopping,1335.75,Cash,Nashik
T100055,2024-11-27,Sneha Kulkarni,Food,748.97,UPI,Delhi
T100696,2024-11-27,Rahul Singh,Shopping,1221.76,Cash,Nashik
T100214,2024-11-28,Suresh Naik,Entertainment,1418.37,UPI,Pune
T100565,2024-11-29,Priya Joshi,Entertainment,631.16,Cash,Pune
T100282,2024-11-30,Pooja Deshmukh,Entertainment,1547.77,Cash,Bangalore
T100711,2024-11-30,Pooja Deshmukh,Shopping,820.86,Card,Delhi
T100098,2024-11-30,Suresh Naik,Entertainment,1088.4,Card,Nagpur
T100072,2024-12-01,Neha Patil,Food,81.17,UPI,Mumbai
T100225,2024-12-01,Priya Joshi,Healthcare,956.39,Cash,Hyderabad
T100759,2024-12-01,Priya Joshi,Education,311.88,Card,Nagpur
T100083,2024-12-01,Amit Sharma,Travel,1559.09,Cash,Mumbai
T100691,2024-12-03,Pooja Deshmukh,Shopping,1371.17,UPI,Nashik
T100349,2024-12-03,Neha Patil,Shopping,475.18,Card,Delhi
T100327,2024-12-03,Kavita More,Bills,1450.89,UPI,Nashik
T100636,2024-12-06,Neha Patil,Healthcare,1035.28,Cash,Nagpur
T100051,2024-12-06,Amit Sharma,Food,664.07,Card,Nagpur
T100645,2024-12-07,Rahul Singh,Education,1077.96,Cash,Hyderabad
T100502,2024-12-07,Amit Sharma,Food,1710.69,UPI,Mumbai
T100163,2024-12-07,Sneha Kulkarni,Bills,1199.65,UPI,Delhi
T100182,2024-12-08,Amit Sharma,Travel,266.73,UPI,Pune
T100503,2024-12-08,Sneha Kulkarni,Shopping,2244.22,Card,Delhi
T100181,2024-12-08,Rahul Singh,Education,899.79,Cash,Bangalore
T100200,2024-12-10,Pooja Deshmukh,Travel,750.61,UPI,Bangalore
T100357,2024-12-10,Priya Joshi,Entertainment,1064.17,Cash,Bangalore
T100707,2024-12-10,Rohit Verma,Healthcare,1124.58,Cash,Mumbai
T100483,2024-12-10,Suresh Naik,Healthcare,634.56,Card,Hyderabad
T100162,2024-12-11,Suresh Naik,Bills,1043.47,UPI,Nagpur
T100301,2024-12-11,Kavita More,Entertainment,768.61,UPI,Nagpur
T100316,2024-12-12,Rohit Verma,Food,438.82,UPI,Nashik
T100414,2024-12-13,Sneha Kulkarni,Bills,1237.98,UPI,Delhi
T100818,2024-12-13,Amit Sharma,Shopping,1404.3,Cash,Delhi
T100114,2024-12-13,Amit Sharma,Healthcare,644.27,Card,Nashik
T100922,2024-12-14,Sneha Kulkarni,Bills,289.7,UPI,Pune
T100063,2024-12-14,Priya Joshi,Travel,1501.59,Cash,Hyderabad
T100506,2024-12-15,Rohit Verma,Travel,2135.48,UPI,Nashik
T100302,2024-12-16,Amit Sharma,Bills,1546.74,UPI,Bangalore
T100990,2024-12-16,Kavita More,Travel,1028.73,Cash,Pune
T100085,2024-12-16,Kavita More,Travel,1209.81,UPI,Nashik
T100209,2024-12-16,Rohit Verma,Entertainment,1381.82,Card,Nashik
T100201,2024-12-16,Amit Sharma,unknown,534.84,UPI,Pune
T100624,2024-12-17,Amit Sharma,Bills,851.61,unknown,Mumbai
T100946,2024-12-17,Rohit Verma,Travel,1236.02,Card,Mumbai
T100304,2024-12-17,Rohit Verma,Shopping,1729.97,UPI,Nagpur
T100862,2024-12-17,Priya Joshi,Food,974.99,Card,Nashik
T100331,2024-12-18,Ankit Jain,Food,536.98,Cash,Mumbai
T100010,2024-12-18,Sneha Kulkarni,Education,961.89,Card,Bangalore
T100835,2024-12-19,Pooja Deshmukh,Healthcare,139.65,Card,Mumbai
T100273,2024-12-19,Ankit Jain,Healthcare,649.92,UPI,Bangalore
T100252,2024-12-19,Pooja Deshmukh,Travel,1525.23,UPI,Hyderabad
T100599,2024-12-19,Amit Sharma,Travel,807.62,UPI,Delhi
T100828,2024-12-19,Pooja Deshmukh,Entertainment,1184.47,Card,Hyderabad
T100867,2024-12-19,Pooja Deshmukh,Food,1578.96,Cash,Mumbai
T100152,2024-12-21,Pooja Deshmukh,Education,879.26,Card,Bangalore
T100096,2024-12-21,Suresh Naik,Shopping,1286.67,Cash,Delhi
T100097,2024-12-21,Ankit Jain,Education,1321.98,Cash,Nagpur
T100338,2024-12-22,Kavita More,Food,1216.4,UPI,Mumbai
T100148,2024-12-22,Sneha Kulkarni,Education,1294.85,Card,Delhi
T100962,2024-12-22,Rahul Singh,Food,1741.35,UPI,Hyderabad
T100746,2024-12-22,Priya Joshi,Education,993.5,Card,Hyderabad
T100259,2024-12-22,Neha Patil,Food,2754.96,Card,Nashik
T100210,2024-12-23,Rohit Verma,Healthcare,1643.44,Card,Pune
T100129,2024-12-24,Ankit Jain,Bills,2244.77,Cash,Mumbai
T100853,2024-12-24,Pooja Deshmukh,Healthcare,1343.66,Cash,Delhi
T100283,2024-12-24,Rohit Verma,Food,1624.55,Card,Nashik
T100873,2024-12-24,Amit Sharma,Travel,1847.94,UPI,Pune
T100698,2024-12-24,Neha Patil,Food,64.78,Card,Nashik
T100401,2024-12-25,Amit Sharma,Entertainment,15000.0,UPI,Bangalore
T100644,2024-12-25,Amit Sharma,Bills,691.66,UPI,Hyderabad
T100315,2024-12-25,Priya Joshi,Entertainment,523.66,Card,unknown
T100866,2024-12-26,Priya Joshi,Healthcare,834.52,Cash,Bangalore
T100366,2024-12-26,Kavita More,Education,638.73,Cash,Hyderabad
T100335,2024-12-26,Rohit Verma,Food,721.42,UPI,Nagpur
T100177,2024-12-26,Neha Patil,Healthcare,1109.39,Card,Nashik
T100800,2024-12-26,Amit Sharma,Shopping,905.57,UPI,Bangalore
T100321,2024-12-26,Ankit Jain,Bills,346.32,UPI,Hyderabad
T100165,2024-12-28,Amit Sharma,Shopping,1502.26,UPI,Nagpur
T100250,2024-12-28,Kavita More,Bills,1409.2,unknown,Bangalore
T100790,2024-12-29,Priya Joshi,Education,2152.07,Card,Pune
T100203,2024-12-29,unknown,Bills,1660.83,Card,Nashik
T100504,2024-12-30,Suresh Naik,Shopping,407.01,UPI,Pune
T100628,2024-12-30,Pooja Deshmukh,Bills,695.72,Card,Delhi
T100981,2024-12-30,Neha Patil,Bills,1424.61,Card,Nashik
T100805,2024-12-31,Amit Sharma,Education,1616.67,Card,Bangalore
T100099,2024-12-31,Kavita More,Food,1944.93,Card,Nashik
T100917,2024-12-31,Rahul Singh,Education,671.72,Card,Bangalore
